{"teacher_model": {"accuracy": 0.8507894736842105, "time": 12.405263424943769, "size": 417.738094329834}, "student_model": {"accuracy": 0.7722368421052631, "time": 4.420126455061109, "size": 66.35974979400635},"distilled_model": {"accuracy": 0.8289473684210527, "time": 4.469662859983146, "size": 66.35974979400635}, "non_quantized_onnx": {"accuracy": 0.8293421052631579, "time": 2.6542009449804027, "size": 65.83700847625732}, "quantized_onnx": {"accuracy": 0.8301315789473684, "time": 1.7407140049745067, "size": 16.58479404449463}}